,Action,Adventure,Animation,Biography,Comedy,Crime,Documentary,Drama,Family,Fantasy,Horror,Music,Mystery,Romance,Sci,Thriller,War,Western
0,6.263238512035018,6.532203389830509,6.7646551724137955,7.076691729323308,6.254426229508201,6.757692307692305,7.347183098591556,6.825874867444323,6.6,6.14,5.770000000000001,6.550000000000001,6.395833333333335,6.671428571428572,6.614285714285715,5.949999999999999,7.3,6.9
1,48.5164113785558,55.970338983050844,60.76293103448276,64.10526315789474,51.65,58.09763313609467,72.95774647887323,61.22163308589607,49.0,49.6,45.1695652173913,61.0,52.75,59.57142857142857,51.857142857142854,47.875,56.0,72.0
2,112.09190371991247,112.45338983050847,93.33189655172414,118.43609022556392,101.21967213114755,110.83727810650888,100.52112676056338,111.35524920466597,116.0,106.6,96.09130434782608,91.5,106.66666666666667,104.57142857142857,100.0,101.875,112.0,84.0
3,2009.1323851203501,2008.3601694915253,2008.8275862068965,2009.4473684210527,2007.6754098360657,2007.6065088757396,2008.4084507042253,2008.0275715800635,2010.5,2011.6,2009.495652173913,2013.0,2008.5416666666667,2006.0,2009.7142857142858,2010.0,2001.0,2015.0
